{
    "loss": 1.9416898488998413,
    "accuracy": 0.6372548937797546
}